,0,1,2,3,4,5,6,7,8,9,10,11,12,13,14,15,16,17,18,19,20,21,22,23,24,25,26,27,28,29,30,31,32,33,34,35,36,37,38,39,40,41
1400,30,280,520,248,552,,,,,,,,1760,800,6440,1000,,,,,,,1100,200,,3440,10300,,1740,580,9400,13300,820,,1200,6240,920,3554,640,2650,14980,2150
1500,,300,550,300,600,,,,,,,,2000,800,6300,1000,,,,,,,1250,200,,4000,12000,,2000,650,10500,15000,950,,1400,6800,1000,3942,800,3000,16950,2250
1600,,400,760,400,650,,,,,,,,2000,1250,7900,1500,,,,,,,1250,200,,5000,16000,,2500,1000,13100,18500,1500,,1600,8240,1100,6170,1000,4500,20700,2750
1700,50,500,1260,400,700,,,,,,,,2500,1250,8400,1500,,,,,,,1500,300,,6000,15000,,2500,1200,13300,21471,1900,,2000,8770,2000,8565,1925,4500,26550,2750
1820,47,970,2573,1169,1155,,,,,,,,6389,2187,10074,2312,,,,,,,4146,437,,10426,24905,,3369,1986,20176,31250,2333,,3434,12203,3297,21239,7101,7657,54765,5215
1821,,984,2598,1186,1167,,,,,,,,,,,2333,,,,,,,,,,,25260,,3386,1998,20306,31460,2365,,3464,12284,3316,21551,7200,,,
1822,,998,2629,1202,1179,,,,,,,,,,,2355,,,,,,,,,,,25620,,3402,2008,20437,31685,2400,,3495,12366,3335,21832,7267,,,
1823,,1013,2668,1219,1196,,,,,,,,,,,2376,,,,,,,,,,,25969,,3419,2020,20568,31905,2435,,3526,12449,3354,22117,7335,,,
1824,,1028,2708,1235,1213,,,,,,,,,,,2398,,,,,,,,,,,26307,,3436,2031,20701,32127,2474,,3557,12532,3373,22407,7403,,,
1825,,1044,2749,1252,1228,,,,,,,,,,,2420,,,,,,,,,,,26650,,3452,2042,20834,32350,2514,,3589,12615,3393,22698,7472,,,
1826,,1062,2788,1268,1243,,,,,,,,,,,2443,,,,,,,,,,,26964,,3469,2054,20968,32538,2543,,3620,12699,3412,22996,7542,,,
1827,,1079,2816,1310,1255,,,,,,,,,,,2465,,,,,,,,,,,27249,,3486,2065,21103,32727,2561,,3652,12784,3432,23275,7612,,,
1828,,1093,2837,1326,1265,,,,,,,,,,,2488,,,,,,,,,,,27540,,3504,2077,21239,32917,2585,,3685,12869,3452,23560,7683,,,
1829,,1108,2855,1343,1270,,,,,,,,,,,2511,,,,,,,,,,,27807,,3521,2088,21376,33108,2610,,3717,12955,3472,23847,7755,,,
1830,,1124,2876,1364,1273,,,,,,,,,,,2534,,,,,,,,,,,28045,,3538,2100,21513,33300,2633,,3750,13041,3491,24139,7827,,,
1831,,1137,2895,1374,1275,,,,,,,,,,,2557,,,,,,,,,,,28283,,3555,2112,21652,33439,2653,,3782,13128,3512,24433,7900,,,
1832,,1150,2912,1378,1276,,,,,,,,,,,2581,,,,,,,,,,,28535,,3573,2123,21791,33598,2665,,3814,13216,3532,24684,7949,,,
1833,,1163,2941,1383,1284,,,,,,,,,,,2605,,,,,,,,,,,28801,,3590,2135,21932,33718,2683,,3846,13304,3552,24937,7998,,,
1834,,1174,2971,1387,1295,,,,,,,,,,,2629,,,,,,,,,,,29071,,3608,2147,22073,33859,2707,,3879,13392,3475,25194,8047,,,
1835,,1188,3004,1391,1306,,,,,,,,,,,2653,,,,,,,,,,,29390,,3626,2159,22215,34000,2732,,3912,13482,3595,25452,8096,,,
1836,,1202,3042,1399,1315,,,,,,,,,,,2677,,,,,,,,,,,29702,,3614,2171,22358,34178,2762,,3945,13571,3617,25715,8146,,,
1837,,1214,3068,1409,1325,,,,,,,,,,,2702,,,,,,,,,,,30013,,3662,2183,22502,34357,2791,,3978,13662,3639,25968,8196,,,
1838,,1224,3083,1420,1335,,,,,,,,,,,2727,,,,,,,,,,,30365,,3680,2195,22647,34537,2821,,4012,13753,3661,26223,8247,,,
1839,,1233,3098,1430,1347,,,,,,,,,,,2752,,,,,,,,,,,30746,,3698,2208,22793,34718,2853,,4046,13845,3683,26483,8298,,,
1840,,1241,3123,1441,1357,,,,,,,,,,,2777,,,,,,,,,,,31126,,3716,2220,22939,34900,2886,,4080,13937,3704,26745,8349,,,
1841,,1254,3156,1456,1371,,,,,,,,,,,2803,,,,,,,,,,,31475,,3739,2235,23087,35059,2921,,4115,14030,3715,27004,8400,,,
1842,,1271,3190,1476,1385,,,,,,,,,,,2829,,,,,,,,,,,31787,,3762,2251,23236,35218,2952,,4151,14123,3726,27277,8422,,,
1843,,1286,3221,1495,1392,,,,,,,,,,,2855,,,,,,,,,,,32086,,3785,2266,23385,35378,2981,,4187,14217,3738,27511,8441,,,
1844,,1302,3256,1516,1414,,,,,,,,,,,2881,,,,,,,,,,,32394,,3808,2282,23536,35539,3014,,4223,14312,3749,27785,8479,,,
1845,,1319,3296,1536,1430,,,,,,,,,,,2908,,,,,,,,,,,32743,,3831,2298,23687,35700,3047,,4259,14407,3760,28040,8497,,,
1846,,1337,3330,1555,1444,,,,,,,,,,,2934,,,,,,,,,,,33059,,3855,2314,23840,35829,3069,,4296,14503,3771,28272,8490,,,
1847,,1351,3352,1573,1456,,,,,,,,,,,2961,,,,,,,,,,,33231,,3878,2330,23993,35959,3071,,4333,14600,3783,28118,8205,,,
1848,,1363,3380,1591,1470,,,,,,,,,,,2989,,,,,,,,,,,33289,,3902,2346,24148,36089,3069,,4371,14697,3794,27683,7640,,,
1849,,1377,3419,1610,1484,,,,,,,,,,,3016,,,,,,,,,,,33452,,3926,2363,24303,36219,3076,,4408,14795,3804,27429,7256,,,
1850,,1392,3462,1628,1499,,,,,,,,8000,2500,,3044,,,,,,,5161,500,,13000,33746,,3950,2379,24460,36350,3098,,4449,14894,3816,27181,6878,9250,73750,6000
1851,,1409,3500,1642,1517,,,,,,,,,,,3072,,,,,,,,,,,34055,,3978,2399,24617,36479,3133,,4477,14974,3827,26945,6514,,,
1852,,1425,3529,1652,1536,,,,,,,,,,,3100,,,,,,,,,,,34290,,4006,2406,24776,36609,3167,,4506,15055,3839,27076,6337,,,
1853,,1440,3552,1663,1552,,,,,,,,,,,3129,,,,,,,,,,,34422,,4035,2412,24935,36739,3194,,4534,15136,3850,27248,6199,,,
1854,,1457,3586,1673,1569,,,,,,,,,,,3158,,,,,,,,,,,34531,,4063,2427,25096,36869,3218,,4563,15217,3858,27446,6083,,,
1855,,1479,3625,1683,1590,,,,,,,,,,,3187,,,,,,,,,,,34586,,4092,2442,25257,37000,3235,,4592,15299,3867,27697,6015,,,
1856,,1501,3657,1692,1612,,,,,,,,,,,3216,,,,,,,,,,,34715,,4120,2457,25420,37060,3253,,4621,15381,3875,27978,5973,,,
1857,,1521,3680,1703,1634,,,,,,,,,,,3246,,,,,,,,,,,34979,,4150,2471,25584,37120,3277,,4651,15455,3889,28186,5919,,,
1858,,1543,3711,1715,1653,,,,,,,,,,,3273,,,,,,,,,,,35278,,4178,2484,25748,37180,3294,,4680,15526,3925,28422,5891,,,
1859,,1570,3761,1726,1674,,,,,,,,,,,3306,,,,,,,,,,,35633,,4206,2497,25914,37240,3304,,4710,15584,3963,28660,5862,,,
1860,,1596,3824,1738,1696,,,,,,,,,,,3336,,,,,,,,,,,36049,,4235,2510,26081,37300,3318,,4740,15642,4000,28888,5821,,,
1861,,1614,3888,1754,1717,,,,,,,,,,,3367,,,,,,,,,,,36435,,4263,2524,26249,37390,3340,,4774,15699,4074,29128,5788,,,
1862,,1627,3942,1774,1739,,,,,,,,,,,3398,,,,,,,,,,,36788,,4292,2538,26418,37520,3366,,4809,15754,4113,29401,5776,,,
1863,,1646,3994,1794,1761,,,,,,,,,,,3430,,,,,,,,,,,37184,,4321,2552,26610,37710,3397,,4844,15809,4131,29630,5718,,,
1864,,1668,4046,1813,1777,,,,,,,,,,,3461,,,,,,,,,,,37602,,4350,2566,26814,37860,3431,,4879,15864,4176,29842,5641,,,
1865,,1690,4092,1833,1799,,,,,,,,,,,3493,,,,,,,,,,,37955,,4380,2579,27023,38020,3460,,4915,15920,4201,30089,5595,,,
1866,,1707,4137,1840,1814,,,,,,,,,,,3525,,,,,,,,,,,38193,,4409,2593,27256,38080,3484,,4950,15976,4226,30315,5523,,,
1867,,1716,4178,1831,1833,,,,,,,,,,,3558,,,,,,,,,,,38440,,4439,2607,27411,38230,3510,,4986,16032,4251,30572,5487,,,
1868,,1724,4154,1776,1852,,,,,,,,,,,3591,,,,,,,,,,,38637,,4469,2623,27501,38330,3543,,5023,16088,4276,30845,5466,,,
1869,,1729,4166,1734,1871,,,,,,,,,,,3621,,,,,,,,,,,38914,,4499,2639,27681,38890,3575,,5029,16144,4302,31127,5449,,,
1870,,1735,4164,1754,1888,,,,,,,,9179,2586,11793,3657,,,,,,,5917,603,,16865,39231,,4520,2655,27888,38440,3610,,5096,16201,4327,31400,5419,10155,88672,8252
1871,,1745,4186,1786,1903,,,,,,,,,,,3694,,,,,,,,,,,39456,,4562,2680,28063,37731,3636,,5137,16258,4353,31685,5398,,,
1872,,1755,4227,1819,1918,,,,,,,,,,,3732,,,,,,,,,,,39691,,4604,2697,28233,37679,3662,,5178,16315,4379,31874,5373,,,
1873,,1767,4274,1847,1935,,,,,,,,,,,3770,,,,,,,,,,,40017,,4646,2715,28387,37887,3670,,5219,16372,4405,32177,5328,,,
1874,,1783,4320,1873,1954,,,,,,,,,,,3809,,,,,,,,,,,40450,,4688,2733,28505,38044,3745,,5261,16429,4431,32501,5299,,,
1875,,1803,4362,1899,1973,,,,,,,,,,,3848,,,,,,,,,,,40897,,4730,2750,28630,38221,3788,,5303,16487,4458,32839,5279,,,
1876,,1829,4406,1928,1994,,,,,,,,,,,3887,,,,,,,,,,,41491,,4772,2768,28837,38398,3832,,5345,16545,4484,33200,5278,,,
1877,,1852,4457,1957,2019,,,,,,,,,,,3927,,,,,,,,,,,42034,,4815,2786,29067,38576,3883,,5394,16603,4511,33576,5286,,,
1878,,1877,4508,1983,2043,,,,,,,,,,,3967,,,,,,,,,,,42546,,4857,2803,29252,38763,3834,,5442,16677,4538,33932,5282,,,
1879,,1902,4555,2014,2064,,,,,,,,,,,4008,,,,,,,,,,,43052,,4899,2821,29425,38909,3986,,5492,16768,4571,34304,5266,,,
1880,,1919,4572,2047,2081,,,,,,,,,,,4049,,,,,,,,,,,43500,,4941,2839,29534,39045,4043,,5541,16859,4610,34623,5203,,,
1881,,1923,4570,2072,2101,,,,,,,,,,,4090,,,,,,,,,,,43827,,4985,2853,29672,39191,4079,,5606,16951,4651,34935,5146,,,
1882,,1920,4576,2098,2120,,,,,,,,,,,4132,,,,,,,,,,,44112,,5030,2863,29898,39337,4130,,5673,17043,4691,35206,5101,,,
1883,,1919,4591,2130,2137,,,,,,,,,,,4174,,,,,,,,,,,44404,,5075,2874,30113,39472,4180,,5740,17136,4732,35450,5024,,,
1884,,1929,4624,2164,2160,,,,,,,,,,,4217,,,,,,,,,,,44777,,5121,2885,30366,39629,4226,,5807,17230,4773,35724,4975,,,
1885,,1944,4664,2195,2186,,,,,,,,,,,4260,,,,,,,,,,,45084,,5166,2896,30644,39733,4276,,5876,17323,4815,36015,4939,,,
1886,,1958,4700,2224,2213,,,,,,,,,,,4303,,,,,,,,,,,45505,,5212,2907,30857,39858,4326,,5919,17418,4857,36313,4906,,,
1887,,1970,4726,2259,2237,,,,,,,,,,,4347,,,,,,,,,,,46001,,5257,2918,31049,39889,4378,,5962,17513,4899,36598,4857,,,
1888,,1977,4741,2296,2257,,,,,,,,,,,4392,,,,,,,,,,,46538,,5303,2929,31243,39920,4432,,6007,17600,4942,36881,4801,,,
1889,,1984,4761,2331,2276,,,,,,,,,,,4437,,,,,,,,,,,47083,,5348,2940,31468,40004,4485,,6051,17678,4985,37178,4757,,,
1890,,1997,4780,2364,2294,,,,,,,,10373,3445,,4482,,,,,,,6622,726,,22854,47607,,5394,2951,31702,40014,4535,,6096,17757,5028,37485,4718,11253,110664,9690
1891,,2013,4794,2394,2311,,,,,,,,,,,4528,,,,,,,,,,,48129,,5446,2965,31892,39983,4585,,6164,17836,5068,37802,4680,,,
1892,,2026,4805,2451,2327,,,,,,,,,,,4574,,,,,,,,,,,48633,,5504,3002,32091,39993,4632,,6231,17916,5104,38134,4634,,,
1893,,2038,4816,2430,2344,,,,,,,,,,,4621,,,,,,,,,,,49123,,5563,3040,32303,40014,4684,,6300,17996,5141,38490,4607,,,
1894,,2057,4849,2511,2367,,,,,,,,,,,4668,,,,,,,,,,,49703,,5622,3077,32513,40056,4743,,6370,18076,5178,38859,4589,,,
1895,,2083,4896,2483,2397,,,,,,,,,,,4716,,,,,,,,,,,50363,,5680,3114,32689,40098,4803,,6439,18157,5215,39221,4560,,,
1896,,2112,4941,2515,2428,,,,,,,,,,,4764,,,,,,,,,,,51111,,5739,3151,32863,40192,4866,,6494,18238,5252,39599,4542,,,
1897,,2142,4986,2549,2462,,,,,,,,,,,4813,,,,,,,,,,,51921,,5798,3188,33078,40348,4935,,6548,18320,5290,39987,4530,,,
1898,,2174,5036,2589,2497,,,,,,,,,,,4862,,,,,,,,,,,52753,,5856,3226,33285,40473,5003,,6604,18402,5327,40381,4518,,,
1899,,2204,5080,2624,2530,,,,,,,,,,,4912,,,,,,,,,,,53592,,5915,3263,33487,40546,5070,,6662,18484,5366,40773,4502,,,
1900,80,2230,5117,2646,2561,,,,,,,,11000,4000,,4962,,,,,,,7127,800,,24750,54388,,5973,3300,33672,40598,5142,,6719,18566,5404,41155,4469,12142,124500,11174
1901,,2255,5156,2667,2594,,,,,,,,,,,4997,,,,,,,,,,,55214,,6035,3341,33877,40640,5221,,6801,18659,5447,41538,4447,,,
1902,,2275,5187,2686,2623,,,,,,,,,,,5032,,,,,,,,,,,56104,,6099,3384,34166,40713,5305,,6903,18788,5494,41893,4435,,,
1903,,2288,5210,2706,2653,,,,,,,,,,,5067,,,,,,,,,,,56963,,6164,3428,34436,40786,5389,,6997,18919,5541,42246,4418,,,
1904,,2297,5241,2735,2681,,,,,,,,,,,5102,,,,,,,,,,,57806,,6228,3472,34715,40859,5470,,7086,19050,5589,42611,4408,,,
1905,,2309,5278,2762,2710,,,,,,,,,,,5138,,,,,,,,,,,58644,,6292,3461,35011,40890,5551,,7175,19133,5637,42981,4399,,,
1906,,2319,5315,2788,2741,,,,,,,,,,,5174,,,,,,,,,,,59481,,6357,3560,35297,40942,5632,,7258,19316,5686,43361,4398,,,
1907,,2329,5357,2821,2775,,,,,,,,,,,5210,,,,,,,,,,,60341,,6421,3604,35594,40942,5710,,7338,19450,5735,43737,4388,,,
1908,,2346,5404,2861,2809,,,,,,,,,,,5246,,,,,,,,,,,61187,,6485,3647,35899,41046,5786,,7411,19585,5784,44124,4385,,,
1909,,2367,5453,2899,2845,,,,,,,,,,,5283,,,,,,,,,,,62038,,6550,3691,36213,41109,5862,,7478,19721,5834,44520,4387,,,
1910,,2384,5499,2929,2882,,,,,,,,11866,4520,,5320,,,,,,,7644,874,,26644,62884,,6614,3735,36572,41224,5922,,7498,19858,5884,44916,4385,12984,,13052
1911,,2401,5542,2962,2917,,,,,,,,,,,5355,,,,,,,,,,,63852,,6669,3776,36917,41307,5984,,7517,19994,5935,45268,4381,,,
1912,,2423,5583,2998,2951,,,,,,,,,,,5390,,,,,,,,,,,64457,,6724,3819,37150,41359,6068,,7590,20128,5964,45426,4368,,,
1913,,2447,5621,3027,2983,,,,,,,,12527,4720,15000,5425,,,,,,,7840,898,,26710,65058,,6767,3864,37248,41463,6164,,7666,20263,5972,45649,4346,13245,156192,13590
1914,,2472,5659,3053,3018,,,,,,,,,,,5463,,,,,,,,,,,66096,,6806,3897,37526,41476,6277,,7723,20398,5980,46049,4334,,,
1915,,2498,5696,3083,3055,,,,,,,,,,,5502,,,,,,,,,,,66230,,6843,3883,37982,40481,6395,,7759,20535,5988,46340,4278,,,
1916,,2522,5735,3105,3092,,,,,,,,,,,5541,,,,,,,,,,,66076,,6825,3883,38142,39884,6516,,7762,20673,5996,46514,4273,,,
1917,,2551,5779,3124,3130,,,,,,,,,,,5580,,,,,,,,,,,65763,,6785,3888,37981,39288,6654,,7729,20811,6005,46614,4273,,,
1918,,2578,5807,3125,3165,,,,,,,,,,,5620,,,,,,,,,,,65237,,6727,3880,37520,38542,6752,,7660,20950,6013,46575,4280,,,
1919,,2603,5830,3117,3202,,,,,,,,,,,5660,,,,,,,,,,,60547,,6420,3869,37250,38700,6805,,7628,21091,6021,46534,4352,,,
1920,,2635,5876,3133,3242,,,,,,,,12340,5072,,5700,,,,,,,7950,932,,23968,60894,,6455,3877,37398,39000,6848,,7552,21232,6029,46821,4361,12979,154607,12422
1921,,2668,5929,3170,3285,,,,,,,,12479,5148,,5837,,,,,,,8029,937,,24330,61573,,6504,3876,37691,39240,6921,,7504,21411,6071,44072,3096,13008,152836,12607
1922,,2695,5971,3210,3322,,,,,,,,12666,5255,,5890,,,,,,,8103,942,,24935,61900,,6528,3874,38086,39420,7032,,7571,21628,6146,44372,3002,13159,152403,12796
1923,,2713,5997,3243,3356,,,,,,,,12843,5365,13877,6010,,,,,,,8173,947,,25569,62307,,6543,3883,38460,39880,7150,,7635,21847,6223,44596,3014,13293,153055,12987
1924,,2729,6021,3272,3389,,,,,,,,13020,5476,13968,6000,,,,,,,8232,952,,25992,62697,,6562,3896,38810,40310,7264,,7707,22069,6300,44915,3005,13413,155581,13180
1925,,2747,6045,3304,3425,,,,,,,,13209,5590,14059,5958,,,,,,,8299,956,,26425,63166,,6582,3910,39165,40610,7366,,7779,22292,6378,45059,2985,13537,158983,13378
1926,,2763,6064,3339,3452,,,,,,,,13399,5705,14151,6042,,,,,,,8383,962,,26815,63630,,6603,3932,39502,40870,7471,,7844,22518,6457,45232,2971,13644,162621,13578
1927,,2775,6081,3368,3475,,,,,,,,13574,5798,14250,6127,,,,,,,8454,967,,27148,64023,,6623,3956,39848,40940,7576,,7904,22747,6538,45389,2957,13728,166117,13780
1928,,2785,6097,3396,3497,,,,,,,,13760,5873,14476,6205,,,,,,,8520,972,,27509,64393,,6643,3988,40186,41050,7679,,7968,22977,6619,45578,2944,13807,169269,13986
1929,,2795,6113,3424,3518,,,,,,,,13952,5950,14705,6275,,,,,,,8583,977,,27856,64739,,6664,4022,40469,41230,7782,,8032,23210,6701,45672,2937,13884,172017,14194
1930,,2807,6131,3449,3542,,,,,,,,14141,6027,14928,6351,,,,,,,8649,982,,28204,65084,,6684,4051,40791,41610,7884,,8076,23445,6784,45866,2927,13964,174212,14407
1931,,2824,6152,3476,3569,,,,,,,,14355,6106,15174,6440,,,,,,,8723,988,,28615,65423,,6705,4080,41132,41860,7999,,8126,23675,6869,46074,2933,14052,175987,14618
1932,,2842,6176,3503,3603,,,,,,,,14554,6186,15414,6516,,,,,,,8785,993,,29022,65716,,6725,4102,41431,41860,8123,,8186,23897,6954,46335,2949,14138,176807,14819
1933,,2858,6201,3526,3633,,,,,,,,14730,6267,15658,6591,,,,,,,8848,998,,29421,66027,,6746,4122,41753,41890,8237,,8231,24122,7040,46520,2962,14216,177401,15022
1934,,2874,6222,3549,3666,,,,,,,,14924,6349,15906,6688,,,,,,,8919,1003,,29771,66409,,6760,4140,42093,41950,8341,,8262,24349,7127,46666,2971,14282,178453,15228
1935,,2889,6242,3576,3695,,,,,,,,15069,6415,16158,6793,,,,,,,8985,1009,,30129,66871,,6761,4155,42429,41940,8434,,8288,24579,7216,46868,2971,14339,179636,15439
1936,,2904,6259,3601,3722,,,,,,,,15256,6469,16434,6886,,,,,,,9046,1014,,30471,67349,,6758,4168,42750,41910,8516,,8315,24810,7305,47081,2967,14387,181502,15651
1937,,2919,6276,3626,3749,,,,,,,,15434,6514,16725,6973,,,,,,,9107,1030,,30791,67831,,6755,4180,43068,41930,8599,,8346,25043,7396,47289,2948,14429,184626,15860
1938,,2936,6297,3656,3777,,,,,,,,15601,6564,17016,7061,,,,,,,9167,1040,,31062,68558,,6753,4192,43419,41960,8685,,8374,25279,7488,47494,2937,14603,188498,16084
1939,,2954,6326,3686,3805,,,,,,,,15751,6614,17517,7156,,,,,,,9227,1070,,31365,69286,,6653,4206,43865,41900,8782,,8392,25517,7581,47991,2934,14683,192379,16305
1940,,2973,6356,3698,3832,,,,,,,,15907,6666,17821,7280,,,,,,,9287,1088,,30021,69835,,6705,4226,44341,41000,8879,,8346,25757,7675,48226,2958,14713,195970,16300
1941,,2990,6389,3702,3863,,,,,,,,15774,6715,18011,7362,,,,,,,9344,1100,,,70244,,6745,4254,44734,39600,8966,,8276,25979,7757,48216,2993,14671,,
1942,,3009,6432,3708,3903,,,,,,,,15839,6771,18203,7339,,,,,,,9396,1117,,,70834,,6783,4286,45004,39400,9042,,8247,26182,7826,48400,2963,14577,,
1943,,3032,6490,3721,3949,,,,,,,,15840,6828,18396,7297,,,,,,,9442,1119,,,70411,,6808,4323,45177,39000,9103,,8242,26387,7896,48789,2946,14538,,
1944,,3060,6560,3735,3998,,,,,,,,15946,6885,18592,7284,,,,,,,9497,1122,,,69865,,6834,4364,45290,38900,9175,,8291,26594,7967,49016,2944,14593,,
1945,,3091,6635,3758,4045,,,,,,,,15929,6942,18790,7322,,,,,,,9024,1138,,,67000,,6799,4412,45442,39700,9262,,8339,26802,8038,49182,2952,14152,,
1946,,3127,6719,3806,4101,,,,,,,,15971,7000,19235,7418,,,,,,,9042,1154,,23959,64678,,7000,4467,45725,40290,9424,,8367,27012,8110,49217,2957,12916,173900,
1947,,3165,6803,3859,4146,,,,,,,,15849,7064,19690,7529,,,,,,,9079,1175,,23734,66094,,6971,4524,46040,40680,9630,,8450,27223,8183,49519,2974,12164,174000,15596
1948,,3201,6883,3912,4190,,,,,,,,15893,7130,20156,7749,,,,,,,9158,1192,,23980,67295,,6956,4582,46381,41110,9800,,8557,27437,8256,50014,2985,12339,175100,15817
1949,,3234,6955,3963,4230,,,,,,,,16084,7195,20634,7856,,,,,,,9250,1209,,24410,67991,,6943,4640,46733,41480,9956,,8614,27651,8329,50312,2981,12339,177500,16040
1950,143,3265,7014,4009,4271,101937,1096,1936,2553,7722,36775,2336,16311,7251,21122,7566,1225,5956,396,2662,3837,1468,9338,1227,3463,24824,68375,8925,6935,4694,47105,42518,10114,296,8639,28063,8443,50127,2963,12389,179571,16298
1951,146,3296,7070,4047,4304,103507,1112,1951,2562,7742,37436,2422,16464,7258,21669,7646,1256,6029,405,2721,3860,1483,9423,1254,3509,25262,68876,9023,6935,4749,47418,42862,10264,297,8678,28298,8490,50290,2959,12532,182677,16519
1952,148,3328,7125,4091,4334,105385,1130,1964,2584,7698,38006,2467,16630,7275,22236,7733,1272,6102,414,2791,3882,1490,9504,1283,3558,25731,69146,9125,6928,4815,47666,43184,10382,299,8730,28550,8526,50430,2952,12683,185856,16708
1953,151,3361,7171,4139,4369,107303,1140,1976,2594,7667,38541,2506,16847,7346,22831,7817,1299,6176,419,2863,3906,1498,9595,1315,3599,26221,69550,9221,6932,4878,47957,43495,10493,301,8778,28804,8579,50593,2947,12820,188961,16937
1954,155,3394,7213,4187,4406,109209,1148,1991,2597,7699,38994,2566,17040,7423,23464,7893,1325,6245,425,2916,3930,1509,9706,1353,3661,26715,69868,9291,6940,4929,48299,43822,10615,303,8819,29060,8632,50765,2937,12952,192171,17151
1955,158,3427,7262,4235,4439,111125,1154,2002,2614,7781,39368,2622,17325,7499,24145,7966,1340,6313,432,2974,3956,1517,9825,1392,3727,27221,70196,9366,6947,4980,48633,44218,10751,305,8868,29319,8693,50946,2916,13093,195613,17364
1956,161,3460,7315,4282,4466,112859,1163,2026,2641,7857,39940,2682,17583,7576,24877,8031,1340,6382,437,3025,3973,1525,9911,1434,3787,27744,70603,9442,6952,5045,48921,44657,10889,307,8924,29579,8756,51184,2895,13229,199103,17508
1957,165,3492,7364,4324,4488,114555,1174,2056,2652,7913,40656,2759,17829,7651,25671,8096,1345,6451,443,3076,3991,1533,9839,1477,3844,28235,71019,9514,6966,5126,49182,45152,11026,308,8989,29842,8818,51430,2878,13358,202604,17659
1958,169,3523,7409,4360,4515,116259,1185,2072,2672,7983,41359,2838,18056,7728,26506,8173,1345,6520,448,3126,4004,1540,9882,1521,3900,28693,71488,9575,6987,5199,49476,45654,11187,310,9053,30106,8889,51652,2852,13474,206201,17796
1959,172,3553,7446,4395,4547,117957,1197,2089,2718,8075,42006,2919,18226,7798,27356,8258,1354,6590,455,3185,4021,1549,9937,1571,3946,29152,72014,9619,7014,5259,49832,46129,11348,312,9104,30373,8962,51956,2843,13565,209928,17968
1960,176,3581,7480,4430,4581,119632,1211,2115,2765,8168,42644,2999,18403,7867,28217,8327,1366,6659,461,3240,4036,1558,9984,1623,3994,29590,72481,9660,7047,5362,50198,46584,11486,314,9119,30641,9037,52372,2832,13654,213780,18133
1961,179,3610,7520,4461,4610,121324,1224,2146,2810,8263,43196,3069,18567,7943,29030,8398,1382,6728,468,3299,4055,1572,10029,1677,4192,29979,73123,9587,7086,5512,50523,47128,11639,317,9166,30904,9031,52807,2818,13779,217618,18318
1962,182,3639,7562,4491,4647,122878,1239,2173,2850,8365,43697,3136,18681,8013,29789,8448,1401,6786,475,3349,4077,1583,10063,1728,4237,30330,73739,9620,7130,5666,50843,48089,11806,321,9218,31158,9020,53292,2830,13858,221227,18500
1963,185,3667,7604,4523,4684,124277,1255,2199,2886,8439,44256,3205,18813,8078,30509,8480,1422,6843,480,3399,4099,1595,10091,1780,4282,30662,74340,9666,7176,5789,51198,48799,11966,324,9283,31430,9082,53625,2850,13948,224585,18685
1964,189,3694,7661,4549,4720,125522,1272,2227,2923,8502,44786,3271,18927,8144,31227,8510,1445,6901,487,3445,4114,1606,10124,1832,4326,30976,74954,9726,7224,5887,51600,49357,12127,328,9367,31741,9123,53991,2864,14052,227698,18852
1965,192,3723,7734,4564,4758,126541,1288,2254,2959,8591,45235,3334,19027,8201,31951,8550,1470,6959,491,3493,4133,1620,10153,1884,4370,31262,75639,9777,7271,5943,51987,49802,12292,332,9448,32085,9129,54350,2876,14147,230513,19038
1966,196,3754,7808,4581,4798,127415,1300,2279,2997,8694,45674,3394,19141,8258,32678,8614,1490,7016,497,3541,4156,1632,10185,1933,4409,31532,76206,9815,7322,5996,52332,50254,12455,334,9508,32452,9109,54643,2884,14224,233139,19221
1967,199,3786,7868,4606,4839,128184,1312,2301,3034,8787,46111,3452,19285,8310,33411,8716,1512,7074,501,3585,4174,1647,10223,1984,4442,31785,76368,9835,7377,6063,52667,50650,12597,335,9557,32850,9103,54959,2900,14277,235630,19390
1968,201,3819,7912,4626,4867,128876,1324,2322,3069,8865,46510,3506,19721,8370,34165,8741,1533,7132,506,3627,4190,1658,10264,2039,4472,32035,76584,9851,7415,6132,52987,51034,12725,336,9590,33239,9115,55214,2913,14323,237983,19552
1969,203,3851,7968,4624,4891,129573,1343,2342,3102,8946,46871,3549,20010,8434,34952,8773,1554,7190,510,3669,4201,1667,10303,2100,4478,32281,77144,9807,7441,6212,53317,51470,12873,338,9613,33566,9097,55461,2926,14284,240253,19705
1970,204,3877,8043,4606,4929,130245,1363,2361,3138,9027,47236,3595,20253,8490,35758,8793,1574,7248,514,3703,4205,1676,10337,2157,4524,32526,77783,9795,7467,6267,53661,51918,13032,339,9638,33876,9044,55632,2950,14319,242478,19840
1971,206,3903,8098,4612,4963,130977,1381,2382,3178,9101,47637,3649,20470,8536,36580,8831,1596,7306,520,3761,4216,1686,10365,2209,4557,32778,78355,9825,7500,6343,54006,52432,13194,342,9673,34195,8990,55907,2978,14381,244887,20015
1972,209,3933,8122,4640,4992,131769,1397,2401,3213,9169,48027,3703,20663,8576,37493,8889,1618,7338,528,3819,4225,1695,10394,2264,4593,33040,78717,9862,7544,6401,54366,52894,13330,347,9709,34513,8970,56079,3024,14456,247343,20197
1973,212,3961,8137,4666,5022,132556,1411,2421,3246,9236,48367,3753,20828,8621,38503,8929,1639,7369,534,3872,4235,1703,10426,2296,4637,33331,78950,9912,7586,6441,54797,53333,13438,350,9738,34837,8976,56210,3073,14549,249712,20367
1974,215,3985,8161,4691,5045,133379,1422,2442,3276,9304,48677,3801,21029,8679,39513,8962,1662,7400,542,3925,4246,1713,10471,2348,4682,33643,78966,9976,7599,6460,55226,53690,13541,355,9768,35184,9098,56224,3124,14658,252111,20550
1975,218,4007,8193,4711,5060,134293,1432,2462,3305,9360,48973,3847,21245,8721,40530,9047,1684,7431,549,3980,4255,1722,10532,2401,4730,33969,78682,10042,7579,6404,55572,53955,13653,359,9795,35564,9411,56215,3177,14772,254519,20732
1976,220,4026,8222,4726,5073,135269,1442,2477,3334,9406,49234,3886,21446,8755,41472,9167,1706,7462,555,4033,4286,1734,10589,2455,4779,34299,78299,10105,7566,6333,55839,54159,13770,361,9811,35997,9622,56206,3228,14884,256883,20930
1977,222,4043,8252,4739,5088,136264,1453,2491,3361,9457,49454,3920,21659,8797,42377,9308,1728,7494,560,4086,4319,1747,10637,2509,4828,34621,78161,10162,7568,6316,56059,54378,13853,361,9822,36439,9663,56179,3272,14990,259225,21126
1978,224,4059,8276,4753,5104,137246,1464,2505,3387,9520,49643,3947,21832,8803,43275,9430,1747,7525,566,4135,4349,1759,10673,2563,4876,34929,78066,10213,7562,6333,56240,54602,13937,362,9830,36861,9699,56167,3314,15089,261525,21309
1979,226,4073,8294,4765,5117,138164,1472,2514,3411,9582,49835,3970,22001,8812,44165,9548,1768,7556,571,4181,4380,1773,10698,2618,4923,35257,78081,10260,7549,6351,56368,54836,14030,363,9837,37200,9725,56228,3368,15182,263751,21490
1980,228,4086,8310,4780,5123,139039,1482,2525,3435,9644,50047,3996,22130,8844,45048,9643,1792,7588,560,4092,4383,1833,10711,2671,4966,35578,78298,10289,7549,6385,56451,55110,14144,364,9847,37488,9778,56314,3401,15255,265926,21615
1981,231,4100,8320,4800,5122,139900,1493,2537,3462,9713,50236,4026,22257,8869,46253,9729,1808,7619,560,4136,4391,1839,10712,2724,5014,35902,78402,10298,7565,6425,56502,55399,14246,365,9852,37751,9850,56383,3443,15312,268123,21707
1982,234,4115,8325,4827,5118,140822,1504,2552,3492,9779,50397,4055,22357,8892,47464,9786,1824,7645,563,4173,4413,1861,10706,2780,5048,36227,78335,10304,7575,6468,56536,55697,14310,366,9856,37983,9860,56340,3480,15352,270390,21885
1983,237,4128,8329,4856,5114,141862,1515,2570,3523,9845,50573,4083,22407,8910,48661,9841,1831,7671,566,4207,4431,1879,10689,2837,5081,36571,78122,10307,7553,6501,56630,55929,14362,366,9856,38184,9872,56383,3504,15388,272717,22018
1984,239,4140,8337,4882,5112,142922,1526,2588,3555,9914,50769,4113,22454,8928,49840,9887,1837,7696,558,4241,4442,1896,10668,2896,5114,36904,77855,10309,7554,6530,56697,56246,14420,366,9855,38363,9885,56462,3529,15423,275330,22087
1985,241,4152,8350,4902,5114,143938,1538,2606,3587,9982,50944,4148,22521,8944,50997,9923,1845,7720,561,4275,4458,1914,10649,2957,5145,37226,77685,10310,7560,6564,56731,56490,14491,367,9858,38535,9897,56620,3540,15455,277812,22216
1986,243,4167,8370,4917,5121,144967,1550,2627,3620,10044,51095,4183,22600,8959,52127,9951,1851,7740,565,4308,4472,1932,10631,3015,5172,37504,77713,10309,7568,6603,56734,56725,14572,369,9862,38708,9907,56796,3541,15481,280296,22339
1987,245,4186,8398,4932,5127,145959,1562,2649,3653,10097,51218,4217,22686,8972,53243,9974,1856,7756,569,4339,4484,1946,10613,3075,5199,37741,77718,10312,7579,6650,56730,56989,14665,372,9870,38881,9915,56982,3540,15511,282718,22435
1988,250,4209,8436,4947,5130,146866,1569,2664,3674,10150,51423,4290,22769,8982,54356,9983,1859,7769,574,4370,4494,1962,10443,3137,5223,37867,78031,10314,7600,6704,56734,57255,14761,376,9884,39054,9921,57160,3530,15537,285020,22536
1989,253,4226,8493,4962,5133,147352,1571,2667,3681,10184,51501,4359,22852,8990,55462,10031,1863,7780,579,4398,4501,1976,10398,3196,5245,37970,78645,10314,7628,6764,56738,57821,14849,378,9938,39215,9923,57324,3513,15559,286462,22634
1990,255,4242,8559,4986,5141,147973,1569,2664,3695,10201,51622,4394,22866,8894,56561,10130,1861,7786,583,4424,4508,1991,10372,3251,5263,38119,79380,10310,7723,6837,56743,58168,14952,383,9969,39351,9923,57493,3508,15572,288361,23016
1991,258,4263,8617,5014,5155,148398,1560,2651,3676,10206,51730,4401,22826,8772,57520,10215,1868,7685,591,4437,4541,1999,10353,3187,5248,38198,79990,10256,7800,6921,56799,58460,15073,388,10007,39421,9895,57695,3528,15503,289959,23097
1992,261,4287,8668,5042,5172,148542,1529,2613,3629,10228,51869,4402,22797,8659,58475,10290,1889,7646,622,4233,4491,1999,10331,3078,5272,38262,80517,10265,7887,6984,56821,58750,15187,394,10048,39513,9891,57842,3557,15536,290959,22905
1993,264,4313,8719,5066,5190,148462,1491,2561,3565,10251,51887,4401,22766,8442,59427,10347,1918,7640,623,3913,4478,2000,10301,3072,5289,38310,80963,10278,7952,7030,56856,59006,15295,399,10087,39599,9902,57971,3576,15567,291189,22666
1994,266,4338,8781,5088,5207,148412,1468,2517,3533,10239,51638,4392,22733,8363,60375,10394,1935,7634,623,3727,4499,2001,10268,3117,5311,38341,81164,10283,7983,7079,56867,59225,15386,405,10117,39670,9925,58120,3588,15594,291007,22583
1995,267,4360,8827,5108,5231,148379,1447,2480,3520,10205,51248,4375,22687,8284,61318,10422,1954,7625,624,3636,4481,2003,10336,3164,5328,38363,81325,10278,7995,7142,56868,59440,15464,411,10138,39728,9954,58284,3604,15605,290779,22554
1996,269,4382,8841,5125,5263,148164,1424,2453,3494,10171,50813,4354,22622,8241,62257,10468,1971,7641,624,3649,4420,2004,10318,3144,5338,38378,81483,10262,8006,7174,56884,59652,15535,416,10158,39893,9991,58423,3628,15600,290516,22502
1997,271,4406,8846,5140,5286,147919,1404,2428,3468,10129,50371,4324,22558,8191,63192,10519,1985,7627,624,3681,4398,2000,10297,3125,5348,38381,81527,10251,8015,7195,56914,59864,15616,421,10182,40059,10036,58574,3667,15598,290184,22521
1998,274,4432,8851,5154,5304,147674,1392,2406,3443,10092,49941,4286,22511,8137,64097,10578,1995,7609,623,3713,4396,1996,10273,3105,5355,38372,81463,10242,8024,7219,56930,60085,15712,426,10204,40223,10087,58736,3717,15597,289843,22586
1999,277,4463,8858,5166,5322,147218,1378,2386,3419,10064,49491,4244,22414,8091,65020,10618,2006,7611,623,3811,4377,1998,10244,3085,5360,38358,81439,10230,8039,7258,56940,60396,15817,433,10227,40378,10144,58946,3757,15590,289339,22541
2000,281,4492,8872,5176,5339,146600,1400,2363,3395,10034,49014,4199,22262,8052,65949,10662,2017,7587,623,3901,4334,2004,10218,3065,5365,38344,81474,10220,8059,7296,56966,60811,15932,438,10252,40563,10215,59149,3807,15584,288730,22507
2001,285,4515,8896,5188,5358,145980,1391,2333,3367,10000,48520,4154,22106,7798,66869,10718,2026,7574,623,3919,4171,2006,10194,3047,5344,38339,81534,10172,8090,7332,57004,61255,16052,443,10288,40775,10288,59377,3866,15515,288097,22580
2002,288,4539,8925,5201,5377,145310,1382,2306,3340,9955,48074,4108,21931,7755,67728,10757,2011,7570,622,3923,4176,2009,10165,3038,5343,38320,81595,10148,8130,7384,57114,61703,16155,448,10334,41433,10344,59631,3934,15491,287463,22689
2003,289,4566,8958,5213,5391,144652,1374,2284,3313,9905,47692,4059,21828,7710,68541,10783,2018,7551,621,3940,4176,2010,10136,3026,5343,38283,81566,10149,8166,7438,57423,62141,16231,454,10377,42205,10383,59903,4000,15493,286887,22784
2004,293,4593,8994,5228,5404,144071,1365,2259,3276,9856,47342,4013,21704,7668,69366,10809,2024,7533,621,3975,4179,2011,10114,3014,5346,38268,81473,10154,8217,7488,57852,62600,16288,460,10422,42869,10408,60217,4070,15501,286457,22881
2005,296,4624,9030,5246,5420,143522,1357,2235,3223,9807,47003,3966,21571,7628,70224,10841,2028,7510,621,3991,4182,2015,10094,2998,5351,38249,81354,10182,8274,7532,58191,63073,16326,467,10480,43672,10427,60682,4163,15533,286150,22951
2006,304,4662,9081,5266,5438,143053,1349,2215,3172,9764,46685,3919,21443,7587,71106,10874,2031,7481,620,3993,4183,2022,10078,2979,5355,38220,81190,10214,8317,7579,58424,63513,16352,474,10549,44370,10446,61098,4273,15569,285980,23000
2007,311,4710,9148,5289,5461,142809,1341,2197,3134,9734,46407,3873,21129,7549,71992,10901,2035,7451,620,3990,4183,2033,10062,2957,5361,38204,81009,10270,8344,7647,58781,63906,16388,482,10627,45246,10467,61593,4403,15630,286071,23028
2008,319,4769,9220,5313,5494,142746,1337,2174,3102,9713,46156,3829,20779,7513,72909,10930,2038,7419,621,3987,4181,2036,10045,2934,5370,38204,80781,10376,8370,7738,59236,64264,16452,491,10711,45993,10482,62100,4499,15746,286406,23038
2009,319,4830,9299,5339,5524,142789,1334,2138,3068,9697,45951,3788,20607,7475,73922,10959,2042,7389,622,3985,4177,2056,10029,2915,5382,38572,80500,10438,8390,7825,59580,64594,16536,500,10797,46378,10492,62539,4542,15819,286957,22209
2010,318,4890,9378,5363,5548,142853,1332,2093,3004,9681,45768,3748,20485,7425,75054,10973,2046,7360,623,3983,4167,2063,10007,2900,5394,38606,80301,10463,8410,7884,59844,64913,16621,509,10897,46573,10497,63040,4563,15857,287529,22165
2011,319,4954,9449,5388,5571,142964,1328,2055,2937,9662,45604,3709,20385,7242,76164,10957,2049,7304,622,3980,4154,2067,9978,2892,5362,38615,80292,10443,8438,7959,60052,65231,16699,521,11039,46746,10481,63567,4581,15805,288146,22113
2012,321,5020,9519,5414,5592,143205,1324,2030,2898,9643,45492,3671,20296,7200,77141,10898,2052,7269,622,3977,4141,2071,9927,2888,5370,38623,80443,10455,8476,8044,60216,65552,16761,533,11108,46777,10439,63989,4600,15825,288972,22060
2013,324,5081,9600,5439,5614,143510,1319,2009,2869,9624,45389,3633,20224,7160,78138,10819,2055,7234,622,3973,4126,2074,9900,2882,5377,38591,80663,10457,8527,8137,60337,65891,16810,547,11160,46603,10382,64392,4623,15834,289870,22005
2014,327,5138,9696,5463,5644,146094,1314,1991,2844,9605,44944,3595,20151,7119,79199,10747,2058,7199,621,3968,4109,2076,9873,2876,5382,38573,81000,10471,8594,8237,60346,66212,16871,560,11210,46465,10326,64885,4655,15853,292716,21946
2015,331,5191,9799,5481,5683,146410,1312,1974,2818,9585,44429,3558,20055,7074,80262,10677,2061,7162,620,3963,4081,2078,9850,2868,5386,38544,81704,10489,8680,8332,60255,66480,16946,571,11275,46420,10283,65400,4699,15875,293226,21882
2016,335,5237,9923,5495,5730,146678,1314,1956,2782,9564,44208,3522,19938,7024,81350,10633,2063,7124,618,3957,4047,2079,9821,2863,5395,38516,82366,10511,8791,8423,60140,66730,17036,586,11332,46460,10251,65941,4752,15906,293976,21817
2017,343,5278,10058,5508,5766,146846,1314,1938,2744,9542,44029,3485,19823,6973,82412,10612,2065,7087,616,3951,4006,2081,9794,2861,5402,38511,82674,10535,8847,8502,60027,67015,17137,599,11376,46543,10226,66335,4805,15937,294651,21482
2018,353,5313,10175,5516,5795,146834,1318,1923,2718,9519,43944,3448,19713,6923,83535,10590,2067,7048,614,3944,3968,2087,9782,2854,5410,38502,82923,10572,8890,8565,59902,67347,17238,610,11429,46739,10209,66732,4864,15981,295244,21424
2019,361,5349,10279,5522,5818,146768,1323,1910,2710,9495,43951,3412,19622,6874,84737,10579,2068,7010,613,3937,3945,2104,9778,2842,5417,38475,83110,10615,8930,8626,59754,67660,17351,623,11491,47116,10212,67095,4930,16031,295881,21320
2020,366,5380,10354,5531,5831,146463,1327,1897,2711,9469,43904,3376,19496,6833,85564,10556,2065,6964,612,3929,3925,2118,9757,2825,5424,38443,83178,10645,8969,8689,59464,67901,17448,633,11546,47366,10223,67380,4983,16069,296211,21192
2021,372,5409,10416,5542,5855,145849,1329,1880,2724,9442,43746,3339,19351,6778,86346,10499,2057,6898,611,3921,3839,2123,9716,2799,5404,38250,83213,10642,9004,8756,59158,68114,17539,643,11594,47342,10214,67651,5022,16047,296102,21028
2022,380,5458,10487,5556,5907,146693,1330,1883,2748,9400,39897,3570,19266,6720,87201,10437,2048,6833,610,3876,3790,2124,9690,2787,5464,37914,83811,10635,9107,8834,58966,68387,17709,651,11695,47625,10200,68093,5118,16099,294379,20863